"Prvi pristop","Ime","Visna","Gorovje","Drzava","Pohodniki"
"2000 BC","Mount Pulag","2926","Cordillera","Filipini","Ibaloi tribes"
"569","Matajur","1642","Prealps","Slovenija","Alboin and troops"
"663","Mount Fuji","3776","osamelec","Japonska","En no Ozunu [4]"
"905","Mount Damavand","5610","Alborz","Iran","Abu Dolaf Kazraji"
"1275","Canigou","2785","Pyrenees","Francija","Peter III of Aragon"
"1348","Benediktenwand","1801","Prealps","Nemcija","A Benedictine monk"
"1358","Rocciamelone","3538","Alps","Italija","Bonifacius Rotarius of Asti"
"1387","Pilatus","2128","Alps","Svica","Six clerics"
"1492","Mont Aiguille","2085","Prealps","Francija","Antoine de Ville and 8 to 10 more people."
"1500","Llullaillaco","6739","Andes","Argentina","Local Incan people"
"1503","Table Mountain","1086","osamelec","Juzna Afrika","António de Saldanha"
"1519","Popocatépetl","5426","Sierra Nevada (Mex)","Mehika","Diego de Ordaz and two comrades"
"1536","Stockhorn","2190","Prealps","Svica","Johann Müller and Peter Kunz from Bern and company"
"1552","Pic du Midi d'Ossau","2884","Pyrenees","Francija","expedition led by fr:François de Foix-Candale [6]"
"1559","Calanda","2805","Alps","Svica","J. Schmid, Z. Beeli, J. Pontisella, and others"
"1573","Corno Grande","2912","Apennines","Italija","Francesco Di Domenico, guiding Francesco De Marchi [fr], Cesare Schiafinato, Diomede dell'Aquila, and the porters Simone and Giovampietro Di Giulio"
"1579","Serles","2717","Alps","Avstrija","Hans Georg Ernstinger"
"1582","Pichincha","4784","Andes","Ekvador","Alonso de Aguilar, Juan de Galarza, Juan de Londoño, José Toribio de Ortiguera, Juan Sánchez, and Francisco de Uncibay"
"1615","Kežmarský štít","2558","Carpathians","Slovaska","David Frölich"
"1642","Mount Washington","1917","Appalachians","Zdruzene Drzave Amerike","Darby Field [10]"
"1654","W. Karwendelspitze","2385","Alps","Avstrija","Christian Mentzel"
"1680","Säntis","2502","Alps","Svica","Two priests, a naturalist and a guide"
"1707","Piz Beverin","2998","Alps","Svica","Rudolf von Rosenroll"
"1726","Monte Cavallo","2251","Alps","Italija","Giovanni Girolamo Zanichelli and Dimenico Pietro Stefanelli"
"1730","Schesaplana","2965","Alps","Avstrija","Nicolin Sererhard [de] and two companions"
"1738","Corazón","4790","Andes","Ekvador","Charles Marie de La Condamine, Pierre Bouguer and porters"
"1744","Titlis","3238","Alps","Svica","Ignaz Herz, Josef Eugen Waser and 2 others"
"1750","Hekla","1488","Highlands of Iceland","Islandija","Eggert Ólafsson"
"1759","Grintovec","2558","Alps","Slovenija","Giovanni Antonio Scopoli"
"1762","Ankogel","3252","Alps","Avstrija","Farmer Patschg"
"1770","Mont Buet","3096","Alps","Francija","Jean-André Deluc, Guillaume-Antoine Deluc, Bernard Pomet, and party"
"1771","Ben Nevis","1334","Grampian Range","Velika Britanija","James Robertson"
"1775","Lomnický štít","2634","Carpathians","Slovaska","Jakub Fábry"
"1778","Triglav","2864","Alps","Slovenija","Lovrenc Willomitzer, Luka Korošec, Matevž Kos, and Štefan Rožic"
"1779","Mont Vélan","3727","Alps","Italija","Laurent Joseph Murith and two hunters from Liddes"
"1782","Sulzfluh","2817","Alps","Avstrija","J. B. Catani and L. Pool"
"1782","Scopi","3190","Alps","Svica","Placidus a Spescha and Joh. Bagliel"
"1784","Dôme du Goûter","4304","Alps","Francija","Jean-Marie Couttet and François Cuidet"
"1784","Dents du Midi","3257","Alps","Svica","Jean-Maurice Clément"
"1786","Mangart","2677","Alps","Italija","Franz Xaver von Wulfen"
"1786","Mont Blanc","4808","Alps","Francija","Jacques Balmat and Michel Paccard"
"1788","Klyuchevskaya Sopka","4750","Kamchatka","Rusija","Daniel Gauss and two others"
"1789","Rheinwaldhorn","3402","Alps","Svica","Placidus a Spescha"
"1792","Oberalpstock","3328","Alps","Svica","Josef Senoner and Placidus a Spescha"
"1792","Vignemale","3298","Pyrenees","Spanija","Shepherds under the order of Louis-Philippe Reinhart Junker"
"1792","Klein Matterhorn","3883","Alps","Svica","Horace-Bénédict de Saussure, Nicolas-Théodore de Saussure, Jean-Marie Couttet, Jean-Baptiste Erin, and five other guides"
"1795","Großes Wiesbachhorn","3564","Alps","Avstrija","Three brothers named Zorner"
"1799","Kleinglockner","3770","Alps","Avstrija","four guides from Heiligenblut (including ""the Glokners"", often nicknamed Martin and Sepp ""Klotz"") and Sigmund von Hohenwart"
"1800","Großglockner","3797","Alps","Avstrija","the Glokners and two other locals, guiding an hour later parson Mathias Hautzendorfer"
"1800","Watzmann","2713","Alps","Nemcija","Valentin Stanic"
"1800","Mount Apo","2954","Apo–Talomo","Filipini","Joaquin Rajal, Joseph Montano, Mateo Gisbert, and companions"
"1802","Monte Perdido","3355","Pyrenees","Spanija","Grégoire Taulat dit Rondo, Laurens and a shepherd"
"1804","Mount Katahdin","1608","Appalachians","Zdruzene Drzave Amerike","Zackery Adley and Charles Turner, Jr."
"1804","Ortler","3905","Alps","Italija","Josef Pichler [de], Johann Leitner and Johann Klausner"
"1808","Grande Sassière","3747","Alps","Francija","Bertrand Chaudan and others from Tignes"
"1811","Jungfrau","4158","Alps","Svica","Hieronymus Meyer and Johann Rudolf Meyer [de] guided by Alois Volken and Joseph Bortis"
"1813","Breithorn","4164","Alps","Svica","Henry Maynard, Jean-Marie Couttet, Jean Gras, Jean-Baptiste and Jean-Jacques Érin"
"1819","Torstein","2948","Alps","Avstrija","Jackl Buchsteiner"
"1820","Pikes Peak","4302","Rocky Mountains","Zdruzene Drzave Amerike","Edwin James and two others"
"1820","Zumsteinspitze","4563","Alps","Italija","Joseph and Johann Niklaus Vincent, Joseph Zumstein, Molinatti, Castel and unknown porters"
"1820","Zugspitze","2962","Alps","Nemcija","Josef Naus, Maier and Johann Georg Tauschl"
"1821","Schrankogel","3497","Alps","Avstrija","Johann Georg Hargasser [de]"
"1824","Tödi","3614","Alps","Svica","Augustin Bisquolm and Placi Curschellas"
"1827","Mount Brown","2791","Canadian Rockies","Kanada","David Douglas [10]"
"1828","Mont Pelvoux","3946","Alps","Francija","Captain Durand, Alexis Liotard and Jacques-Etienne Matheoud"
"1828","Kitzsteinhorn","3203","Alps","Avstrija","Johann Entacher"
"1828","Pizzo Tambo","3279","Alps","Italija","Johann Jakob Sulzberger [12]"
"1829","Mount Elbrus (East)","5621","Caucasus","Rusija","Khillar Khachirov (expedition led by Heinrich Lenz and General Emmanuel [ru])"
"1829","Finsteraarhorn","4272","Alps","Svica","Jakob Leuthold and Johann Währen"
"1829","Mount Ararat","5137","osamelec","Turcija","Friedrich Parrot and Khachatur Abovian"
"1830","Schalfkogel","3537","Alps","Avstrija","Frédéric Mercey [fr] with guides from Meran and Pfelders"
"1832","Hoher Dachstein","2995","Alps","Avstrija","Peter Gappmayr"
"1834","Similaun","3606","Alps","Avstrija","Josef Raffeiner and Theodor Kaserer"
"1834","Gerlachovský štít","2655","Carpathians","Slovaska","Ján Still [sk] and several hunters"
"1835","Piz Linard","3410","Alps","Svica","Johann Madutz and Oswald Heer [44]"
"1835","Piz Palü","3898","Alps","Svica","Johann Madutz, Gian Marchet Colani [de], Peter and M. Flury and Oswald Heer"
"1836","Fernerkogel","3294","Alps","Avstrija","Peter Karl Thurwieser [de], Lipp Schöpf and Jackob Kofler"
"1836","Habicht","3277","Alps","Avstrija","Peter Karl Thurwieser [de] and Ingenuin Krösbacher"
"1839","Aiguilles d'Arves","3513","Alps","Francija","Pierre Alexis Magnin and Benoît Nicolas Magnin"
"1839","Mount Egmont","2518","North Island volcanoes","Nova Zelandija","Ernst Dieffenbach and James Heberley"
"1840","Rysy","2503","Carpathians","Slovaska","Eduard Blásy [pl] and Ján Ruman-Driecny Sr. [pl]"
"1841","Ras Dashen","4550","Ethiopian Highlands","Etiopija","Pierre V.A. Ferret & Joseph G. Galinier"
"1841","Glittertind","2465","Scandinavian Mts","Norveska","Harald Nicolai Storm Wergeland and Hans Sletten."
"1841","Großvenediger","3666","Alps","Avstrija","Josef Schwab, Paul Rohregger, Christian Rieß, Peter Meilinger, Ignaz Kürsinger [de], Anton Ruthner [de], Franz Spitaler and 17 others"
"1842","Aneto","3404","Pyrenees","Spanija","Albert de Franqueville [fr] and Platon de Tchihatcheff [fr] guided by Pierre Radonet, Bernard Arrazau, Jean Argarot and Pierre Sanio"
"1842","Lauteraarhorn","4042","Alps","Svica","Melchior Bannholzer and Jakob Leuthold guiding Pierre Jean Édouard Desor, Christian Girard, and Arnold Escher von der Linth"
"1842","Fremont Peak","4189","Rocky Mountains","Zdruzene Drzave Amerike","John C. Fremont, Charles Preuss and Johnny Janisse"
"1843","Großer Löffler","3376","Alps","Avstrija","Markus Vincent Lipold and a chamois hunter from Mayrhofen"
"1844","Wetterhorn","3692","Alps","Svica","Melchior Bannholzer and Hans Jaun"
"1845","Weißkugel","3739","Alps","Avstrija","Johann Gurschler and Josef Weitthalm"
"1846","Piz Kesch","3418","Alps","Svica","Johann Coaz, Jakob Rascher, Christian Casper and Jon Ragut Tscharner"
"1847","Schrammacher","3410","Alps","Avstrija","Peter Karl Thurwieser [de], Georg Lechner and Jakob Huber"
"1847","Bazardüzü","4466","Caucasus","Azerbajdzan","A. Aleksandrov"
"1848","Pico de Orizaba","5636","Sierra Nevada (Mex)","Mehika","F. Maynard, William F. Raynolds, Manigault, Lomax & Rodgers"
"1848","Wildspitze","3770","Alps","Avstrija","Leander Klotz and a farmhand"
"1848","Monte Rosa (Dunantspitze)","4632","Alps","Svica","Johann Madutz and Matthias Zumtaugwald"
"1850","Galdhøpiggen","2469","Scandinavian Mts","Norveska","Steinar Sulheim, Ingebrigt N. Flotten and Lars Arnesen"
"1850","Piz Bernina","4049","Alps","Svica","Johann Coaz guided by Jon and Lorenz Ragut Tscharner"
"1851","Pico Duarte","3098","Hispaniola","Dominikanska republika","Robert H. Schomburgk"
"1853","Mount St. Helens","2950 [61]","Cascade Range","Zdruzene Drzave Amerike","Thomas J. Dryer, John Wilson, ?. Smith and Edwin P. or Charles S. Drew"
"1854","Mount Shasta","4322","Cascade Range","Zdruzene Drzave Amerike","Elias D. Pearce and eight others"
"1854","Königspitze","3859","Alps","Italija","Stephan Steinberger [de] [6]"
"1854","Hochgall","3436","Alps","Avstrija","Members of a survey party led by Hermann van Acken"
"1854","Mount Adams","3743","Cascade Range","Zdruzene Drzave Amerike","A. Glenn Aiken, Edward J. Allen, and Andrew J. Burge"
"1855","Monte Rosa (Dufourspitze)","4634","Alps","Svica","Ulrich Lauener, Johann and Matthias Zumtaugwald guiding James Smyth, Christopher Smyth, Charles Hudson, John Birkbeck, Edward Stephenson"
"1855","Weissmies","4017","Alps","Svica","Jakob Christian Häusser and Peter Josef Zurbriggen"
"1857","Mount Hood","3429","Cascade Range","Zdruzene Drzave Amerike","Henry Pittock, W. Lymen Chittenden, Wilbur Cornell, T.A. Wood"
"1857","Mönch","4107","Alps","Svica","Christian Almer, Christian Kaufmann, Ulrich Kaufmann and Sigismund Porges"
"1857","Pelmo","3168","Alps","Italija","John Ball [68]"
"1858","Eiger","3967","Alps","Svica","Christian Almer and Peter Bohren [de] guiding Charles Barrington"
"1858","Dom","4545","Alps","Svica","Johann Zumtaugwald, Johann Krönig, Hieronymous Brantschen and John Llewelyn Davies"
"1859","Aletschhorn","4193","Alps","Svica","Johann Joseph Bennen [de], Peter Bohren [de], Victor Tairraz and Francis Fox Tuckett"
"1859","Grand Combin","4314","Alps","Svica","Charles Sainte-Claire Deville, Daniel Balleys, Emmanuel Balleys, Gaspard Balleys and Basile Dorsaz"
"1859","Bietschhorn","3934","Alps","Svica","Johann Siegen, Joseph Aebener, and Leslie Stephen"
"1859","Grivola","3969","Alps","Italija","Zachary Cachat"
"1859","Rimpfischhorn","4199","Alps","Svica","Melchior Anderegg, Johann Zumtaugwald, Leslie Stephen and Robert Liveing"
"1860","Grande Casse","3855","Alps","Francija","Michel Croz, Étienne Favre and William Mathews"
"1860","Gran Paradiso","4061","Alps","Italija","Michel-Clément Payot [fr] and Jean Tairraz guiding John Jeremy Cowell and William Dundas"
"1860","Monte Civetta","3220","Alps","Italija","Simeone De Silvestro"
"1861","Schreckhorn","4078","Alps","Svica","Ulrich Kaufmann, Christian Michel, Peter Michel, and Leslie Stephen"
"1861","Weisshorn","4506","Alps","Svica","Johann Joseph Bennen [de], Ulrich Wenger and John Tyndall"
"1861","Monte Viso","3841","Alps","Italija","Michel Croz, William Mathews and Frederick William Jacomb [it]"
"1861","Mont Pourri","3779","Alps","Francija","Michel Croz"
"1861","Mount Cameroon","4070","osamelec","Kamerun","Gustav Mann, Richard Francis Burton, Atilano Calvo Iturburu, and Krumen porters"
"1862","Dent Blanche","4357","Alps","Svica","Jean-Baptiste Croz [it], Johann Krönig, Thomas Stuart Kennedy, and William Wigram"
"1862","Zuckerhütl","3507","Alps","Avstrija","Alois Tanzer and Joseph Anton Specht [de]"
"1862","Monte Disgrazia","3678","Alps","Italija","Melchior Anderegg, Leslie Stephen, E. S. Kennedy and Thomas Cox"
"1863","Piz Zupò","3996","Alps","Italija","The teacher Enderlin, the pastor Otto Serardy and the hunter Badrutt"
"1863","Dent d'Hérens","4171","Alps","Italija","Melchior Anderegg, Jean-Pierre Cacha, Peter Perren guiding F. Crauford Grove, William E. Hall, Reginald S. Macdonald, Montagu Woodmass"
"1863","Antelao","3264","Alps","Italija","Paul Grohmann, Francesco Lacedelli [it], Alessandro Lacedelli, and Matteo Ossi"
"1864","Barre des Écrins","4102","Alps","Francija","A. W. Moore, Horace Walker, Edward Whymper, Michel Croz, Christian Almer Sr & Jr"
"1864","Wannenhorn","3906","Alps","Svica","Gottlieb Samuel Studer, Rudolf Lindt, Kaspar Blatter and Peter Sulzer"
"1864","Zinalrothorn","4221","Alps","Svica","Jakob Anderegg, Melchior Anderegg, Leslie Stephen and Florence Crauford Grove"
"1864","Adamello","3554","Alps","Italija","Giovanni ""Pirinello"" Caturani und Julius Payer"
"1864","Marmolada","3343","Alps","Italija","Paul Grohmann, Fulgentio Dimai, and Angelo Dimai [it]"
"1860","Mount Tom","4163","Sierra Nevada (U.S.)","Zdruzene Drzave Amerike","Thomas Clark guided by Native Americans"
"1865","Piz Roseg","3937","Alps","Svica","Jakob Anderegg, A. W. Moore and Horace Walker"
"1865","Aiguille Verte","4121","Alps","Francija","Christian Almer, Franz Biner and Edward Whymper"
"1865","Obergabelhorn","4063","Alps","Svica","Jakob Anderegg, A. W. Moore and Horace Walker"
"1865","Matterhorn","4478","Alps","Italija","Michel Croz and father and son Peter Taugwalder guiding Edward Whymper, Charles Hudson, Francis Douglas and Douglas Robert Hadow (see also the expedition page)"
"1865","Piz Buin","3312","Alps","Avstrija","Joseph Anton Specht [de], Johann Jakob Weilenmann,  Jakob Pfitscher und Franz Pöll"
"1867","Piz Badile","3308","Alps","Italija","François Devouassoud, Henri Devouassoud, and W. A. B. Coolidge"
"1868","Grandes Jorasses","4208","Alps","Francija","Melchior Anderegg, Johann Jaun [fr], Julien Grange and Horace Walker"
"1868","Kazbek","5047","Caucasus","Gruzija","François Devouassoud, Douglas Freshfield, A. W. Moore, and Charles Comyns Tucker [it]."
"1868","Mount Baker","3286","Cascade Range","Zdruzene Drzave Amerike","Edmund Thomas Coleman, Edward Eldridge, John Tennant, David Ogilvy and Thomas Stratton"
"1868","Longs Peak","4345","Rocky Mountains","Zdruzene Drzave Amerike","John Wesley Powell, Walter Powell, Lewis Keplinger, Samuel Garman, Williams Byers, Jack Sumner and Ned Faarrell"
"1869","Langkofel","3181","Alps","Italija","Peter Salcher, Franz Innerkofler [de] and Paul Grohmann"
"1869","Große Zinne/ Cima Grande","2999","Alps","Italija","Franz Innerkofler [de], Peter Salcher and Paul Grohmann"
"1869","Watzespitze","3533","Alps","Avstrija","Alois Ennemoser"
"1870","Ailefroide","3954","Alps","Francija","Ulrich Almer [fr], Christian Almer and W. A. B. Coolidge"
"1870","Mount Rainier","4392","Cascade Range","Zdruzene Drzave Amerike","Hazard Stevens and P. B. Van Trump"
"1871","Mount Lyell","3999","Sierra Nevada (U.S.)","Zdruzene Drzave Amerike","John Boies Tileston"
"1872","Mount Ritter","4008","Sierra Nevada (U.S.)","Zdruzene Drzave Amerike","John Muir"
"1872","Cotopaxi","5897","Andes","Ekvador","Wilhelm Reiss and Ángel Escobar"
"1873","Mount Whitney","4421","Sierra Nevada (U.S.)","Zdruzene Drzave Amerike","Charles Begole, Albert Johnson, John Lucas"
"1874","Mount Elbrus (West)","5642","Caucasus","Rusija","Peter Knubel [fr], Frederick Gardiner, Horace Walker, and Florence Crauford Grove"
"1874","Blanca Peak","4372","Rocky Mountains","Zdruzene Drzave Amerike","Wheeler Survey"
"1874","Mount Elbert","4404","Rocky Mountains","Zdruzene Drzave Amerike","Henry W. Stuckle"
"1875","Half Dome","2693","Sierra Nevada (U.S.)","Zdruzene Drzave Amerike","George Anderson"
"1876","Store Skagastølstind","2405","Scandinavian Mts","Norveska","William Cecil Slingsby"
"1877","Meije","3983","Alps","Francija","E. Boileau de Castelnau, father and son Pierre Gaspard"
"1877","Mount Kerinci","3805","Barisan Mountains","Poljska","Arend Ludolf van Hasselt en Daniël David Veth"
"1878","Aiguille du Dru","3754","Alps","Francija","Alexander Burgener and Kaspar Maurer guiding Clinton Thomas Dent and James Walker Hartley"
"1879","Mount Ruapehu","2797","Taupo Volcanic Zone","Nova Zelandija","George Beetham, Joseph Prime Maxwell"
"1879","Petit Dru","3733","Alps","Francija","Jean Charlet-Straton [fr], Prosper Payot und Frédéric Folliguet"
"1880","Chimborazo","6270","Andes","Ekvador","Jean-Antoine Carrel, Louis Carrel, and Edward Whymper"
"1880","Antisana","5704","Andes","Ekvador","Jean-Antoine Carrel, Louis Carrel, and Edward Whymper"
"1880","Cayambe","5790","Andes","Ekvador","Jean-Antoine Carrel, Louis Carrel, and Edward Whymper"
"1880","Mount Apo","2954","Mindanao","Filipini","Joaquin Rajal, Joseph Montano, Mateo Gisbert, Datu Manig and others"
"1881","Aiguille du Grépon","3482","Alps","Francija","Albert Mummery, Alexander Burgener und Benedikt Venetz"
"1882","Dent du Géant","4013","Alps","Francija","Baptiste, Daniel & Jean-Joseph Maquignaz [fr]"
"1883","Kebnekaise","2111","Scandinavian Mts","Svedska","Charles Rabot, Pehr Abrahamsson and Hans Monsen"
"1883","Kabru E","7338","Himalayas","Indija","Emil Boss, Ulrich Kaufmann and William Graham [6]"
"1885","Aiguille Blanche de Peuterey","4112","Alps","Italija","Émile Rey, Ambros Supersaxo [de], Aloys Anthamatten and Henry Seymour King"
"1888","Mount Kinabalu","4095","Crocker Range","Malezija","John Whitehead"
"1888","Dykh-Tau","5205","Caucasus","Rusija","Albert Mummery and Heinrich Zurfluh"
"1888","Shkhara","5193","Caucasus","Gruzija","Ulrich Almer [fr], John Garford Cockin and Christian Roth"
"1889","Mount Victoria","4038","Owen Stanley Range","Papuanska Nova Gvineja","William MacGregor and a large party"
"1889","Kibo","5895","Kilimanjaro","Tanzanija","Hans Meyer and Ludwig Purtscheller"
"1889","Iztaccihuatl","5230","Sierra Nevada (Mex)","Mehika","James de Salis"
"1890","Mount Sir Donald","3284","Columbia Mts","Kanada","Emil Huber, Carl Sulzer, Harry Cooper"
"1893","Devils Tower","1558","Rocky Mountains","Zdruzene drzave Amerike","William Rogers and Willard Ripley"
"1894","Mount Temple","3544","Canadian Rockies","Kanada","Walter Wilcox, Samuel Allen and Louis Fox Frissel"
"1894","Aoraki / Mount Cook","3764 [101]","Southern Alps","Nova Zelandija","Tom Fyfe, Jack Clarke and George Graham"
"1895","Mount Tasman","3497","Southern Alps","Nova Zelandija","E. A. Fitzgerald, Matthias Zurbriggen und Jack Clarke"
"1895","Delago Tower","2790","Alps","Italija","Hermann Delago [de]"
"1897","Aconcagua","6959","Andes","Argentina","Matthias Zurbriggen"
"1897","Tupungato","6570","Andes","Argentina","Matthias Zurbriggen and Stuart Vines"
"1897","Mount Saint Elias","5489","Saint Elias Mts","Kanada","Joseph Petigax, Antoine Maquignaz, Laurent Croux [fr], André Pellisier guiding Luigi Amedeo, Francesco Gonella, Vittorio Sella, Filippo de Filippi, Umberto Cagni, Erminio Botta"
"1898","Grand Teton","4197","Rocky Mountains","Zdruzene drzave Amerike","William Owen, Franklin Spalding, Frank Peterson, and John Shive"
"1898","Illimani","6438","Andes","Bolivija","Antoine Maquignaz, Louis Pellissier and William Martin Conway"
"1898","Jade Mountain","3952","osamelec","Kitajska","Karl Theodor Stöpel, Hussung and Biong"
"1899","Campanile Basso","2883","Alps","Italija","Carl Berger and Otto Ampferer [fr]"
"1899","Batian","5199","Mount Kenya","Kenija","César Ollier [fr] and Joseph Brocherel guiding Halford Mackinder"
"1901","Mount Assiniboine","3618","Canadian Rockies","Kanada","Christian Bohren, Christian Hasler, James Outram"
"1902","Alam-Kuh","4848","Alborz","Iran","Alfred [de] and Joseph Bornmüller"
"1902","Mount Columbia","3747","Canadian Rockies","Kanada","Christian Kaufmann guiding James Outram"
"1902","Mount Forbes","3612","Canadian Rockies","Kanada","Christian and Hans Kaufmann guiding J. Norman Collie, James Outram, Hugh E.M. Stutfield, George M. Weed and Herman Woolley,"
"1902","Mount Bryce","3507","Canadian Rockies","Kanada","Christian Kaufmann guiding James Outram"
"1903","North Palisade","4343","Sierra Nevada (U.S.)","Zdruzene drzave Amerike","James S. Hutchinson, Joseph N. LeConte, James K. Moffitt"
"1903","Ushba","4710","Caucasus","Gruzija","Adolf Schulze [de], Robert Hebling, Friedrich Reichert, Oscar Schuster [de], Albert Weber"
"1903","Karisimbi","4507","Virunga Mountains","Demokraticna Republika Kongo","Father Barthélémy"
"1904","Mount Humphreys","4265","Sierra Nevada (U.S.)","Zdruzene drzave Amerike","Edward C. Hutchinson and James S. Hutchinson"
"1904","Hozomeen Mountain","2460","Cascade Range","Zdruzene drzave Amerike","Sledge Tatum, George E. Loudon"
"1904","Mount Meru","4566","osamelec","Tanzanija","Fritz Jäger, Carl Uhlig and porters"
"1906","Mount Stanley","5109","Rwenzori Mts","Uganda","Joseph Petigax, César Ollier [fr], Joseph Brocherel, and Luigi Amedeo, Duke of the Abruzzi"
"1907","Trisul","7120","Himalayas","Indija","Tom Longstaff, Alexis Brocherel [fr], Henri Brocherel and Karbir"
"1907","Mount Olympus (US)","2432","Olympic Mts","Zdruzene drzave Amerike","Lorenz A. Nelson and 10 other members of the Mountaineers Club"
"1908","Mount Erebus","3794","Transantarctic Mts","Antarktika","Jameson Adams, Edgeworth David, Alistair Forbes MacKay, Eric Marshall, and Douglas Mawson"
"1908","Herðubreið","1682","Highlands of Iceland","Islandija","Sigurður Sumarliðason and Hans Reck"
"1908","Maroon Bells","4317","Rocky Mountains","Zdruzene drzave Amerike","Percy Hagerman [115]"
"1908","Huascaran N.","6655","Andes","Peru","Annie Smith Peck, Gabriel Zumtaugwald and Rudolf Taugwalder"
"1909","Mount Aspiring / Tititea","3033","Southern Alps","Nova Zelandija","Bernard Head, Jack Clarke and Alec Graham"
"1910","Denali N","5935","Alaska Range","Zdruzene drzave Amerike","The Sourdough expedition: Tom Lloyd, Peter Anderson, Billy Taylor, and Charles McGonagall"
"1910","Stetind","1394","Scandinavian Mts","Norveska","Ferdinand Schjelderup, Carl Wilhelm Rubenson, and Alf Bonnevie Bryn"
"1911","Mitre Peak","1692","osamelec","Nova Zelandija","James Robert Dennistoun"
"1911","Pauhunri","7128","Himalayas","Indija","Alec Kellas and the Sherpas Sony and ""Tuny’s brother"""
"1911","Coropuna","6425","Andes","Peru","Hiram Bingham, Alejandro Coello, Mariano Gamarra, and Herman L. Tucker"
"1911","Wagagai","4321","Mount Elgon","Uganda","Robert Stigler [de], Richard Storch, Rudolf Kmunke (disputed) and Ugandan guides and carriers"
"1912","Mount Blackburn","4996","Wrangell Mts","Zdruzene drzave Amerike","Dora Keen and George Handy"
"1912","Mount Sir Sandford","3519","Columbia Mts","Kanada","Edward Feuz Jr., Rudolph Aemmer, Howard Palmer, and Edward W. D. Holway [de]"
"1912","Mawenzi (Meyer Peak)","5148","Kilimanjaro","Tanzanija","Eduard Oehler and Fritz Klute [de]"
"1912","Mount Bangeta","4121","Saruwaged Range","Papuanska Nova Gvineja","Christian Keyser and (probably) local porters"
"1913","Puncak Trikora","4750","Maoke Mountains","Poljska","Alphons Franssen Herderschee [nl], Paul Hubrecht [nl] and Gerard Versteeg [nl]"
"1913","Denali S","6168","Alaska Range","Zdruzene drzave Amerike","Hudson Stuck, Harry Karstens, Walter Harper, and Robert Tatum"
"1913","Mount Robson","3954","Canadian Rockies","Kanada","Conrad Kain, Albert MacCarthy [de], and William Wasbrough Foster"
"1913","Mount Olympus","2918","osamelec","Grcija","Christos Kakalos [el], Frédéric Boissonnas and Daniel Baud-Bovy"
"1914","Belukha","4506","Altai Mountains","Kazahstan","Boris Tronov and Mikhail V. Tronov [ru]"
"1916","Mount Louis","2682","Canadian Rockies","Kanada","Conrad Kain and Albert MacCarthy [de]"
"1916","Crestone Peak","4357","Rocky Mountains","Zdruzene drzave Amerike","Albert R. Ellingwood, Frances Rogers, Eleanor Davis Ehrman and Joe Deutschbein"
"1916","Bugaboo Spire","3204","Columbia Mts","Kanada","Conrad Kain, Albert MacCarthy [de], Bess MacCarthy, and John Vincent"
"1919","Huayna Potosí","6066","Andes","Bolivija","Rudolf Dienst and Otto Lohse"
"1919","Janq'u Uma","6427","Andes","Bolivija","Rudolf Dienst and Adolf Schulze [de]"
"1920","Mount Cleveland","3194","Rocky Mountains","Zdruzene drzave Amerike","Harry R. Horn, John F. Habbe and Frank B. Wynn"
"1920","Lizard Head","3999","Rocky Mountains","Zdruzene drzave Amerike","Albert R. Ellingwood and Barton Hoag"
"1922","Mount Moran","3842","Rocky Mountains","Zdruzene drzave Amerike","LeGrand Hardy, Bennet McNulty and Ben C. Rich"
"1922","Gannett Peak","4209","Rocky Mountains","Zdruzene drzave Amerike","Arthur C. Tate and Floyd J. Stahlnaker"
"1923","Jbel Toubkal","4167","Atlas Mountains","Maroko","René de Segonzac, Vincent Berger, and Hubert Dolbeau"
"1923","Granite Peak","3904","Rocky Mountains","Zdruzene drzave Amerike","Elers Koch, James C. Whitham and Robert T. Ferguson"
"1925","Mount Logan","5959","Saint Elias Mts","Kanada","Albert MacCarthy [de], Fred Lambart [de], William Foster, Andy Taylor [de], Norman Read [de] and Allen Carpé [de]"
"1925","Mount Alberta","3619","Canadian Rockies","Kanada","Yuko Maki, Heinrich Fuhrer, Hans Kohler, Jean Weber, Masanobu Hatano, Natagene Okabe, Seiichi Hashimoto, Tanezo Hayakawa, Yukio Mita"
"1926","Mount Russell","4296","Sierra Nevada (U.S.)","Zdruzene drzave Amerike","Norman Clyde"
"1927","Mikeno","4437","Virunga Mountains","Demokraticna Republika Kongo","Fathers Van Hoef and Depluit, Mr and Mrs Leonard"
"1928","Illampu","6368","Andes","Bolivija","Hans Pfann [fr], Alfred Horeschowsky [de], Hugo Hortnagel, Erwin Hein"
"1928","Clyde Minaret","3740","Sierra Nevada (U.S.)","Zdruzene drzave Amerike","Norman Clyde"
"1928","Lenin Peak","7134","Pamir Mountains","Kirzigistan","Karl Wien, Eugen Allwein [de] and Erwin Schneider [de]"
"1930","Jongsong Peak","7462","Himalayas","Indija","Hermann Hoerlin [de] and Erwin Schneider [de]"
"1930","Mount Bona","5005","Saint Elias Mts","Zdruzene drzave Amerike","Allen Carpé [de], Terris Moore, Andy Taylor [de]"
"1931","Mount Fairweather","4671","Saint Elias Mts","Kanada","Allen Carpé [de] and Terris Moore"
"1931","Kamet","7756","Himalayas","Indija","Frank Smythe, Eric Shipton, R.L. Holdsworth, Lewa Sherpa"
"1931","Khan Tengri","7010","Tian Shan","Kazahstan","Mikhail Pogrebetsky [ru], Boris Tjurin, Franz Sauberer [ru]"
"1931","Mount Tahat","2918","Hoggar","Alzirija","Edouard Wyss-Dunant"
"1932","Huascaran S.","6746","Andes","Peru","Franz Bernard, Phillip Borchers, Erwin Hein, Hermann Hoerlin [de], and Erwin Schneider [de]"
"1932","Chopicalqui","6345","Andes","Peru","Phillip Borchers, Erwin Hein, Hermann Hoerlin [de], and Erwin Schneider [de]"
"1932","Huandoy N.","6395","Andes","Peru","Erwin Hein and Erwin Schneider [de]"
"1932","Minya Konka","7556","Daxue Shan","Kitajska","Terris Moore, Richard Burdsall"
"1933","Ismoil Somoni Peak","7495","Pamirs","Tadzikistan","Yevgeniy Abalakov"
"1934","Mercedario","6710","Andes","Argentina","Adam Karpinski [pl] and Wiktor Ostrowski [pl]"
"1934","Mount Foraker","5304","Alaska Range","Zdruzene drzave Amerike","Charles Houston, T. Graham Brown, Chychele Waterston"
"1934","Sia Kangri","7422","Karakoram","Kitajska","Hans Ertl and Albert Höcht [de]"
"1935","Pico Bolívar","4978","Andes","Venezuela","Enrique Bourgoin, Heriberto Márquez, Domingo Peña"
"1935","Gunnbjørn Fjeld","3694","Watkins Range","Grenlandija","Augustine Courtauld, Jack Longland, Ebbe Munck [da], Harold G. & Lawrence Wager"
"1935","Lingtren","6749","Himalayas","Nepal","Eric Shipton & Dan Bryant"
"1936","Monarch Mountain","3555","Coast Mountains","Kanada","Henry S. Hall Jr. and Hans Fuhrer"
"1936","Mount Waddington","4019","Coast Mountains","Kanada","Fritz Wiessner and William P. House"
"1936","Siula Grande","6344","Andes","Peru","Arnold Awerzger [de] and Erwin Schneider [de]"
"1936","Nanda Devi","7816","Himalayas","Indija","Bill Tilman and Noel Odell (see also the expedition page)"
"1936","Siniolchu","6888","Himalayas","Indija","Karl Wien and Adi Göttner"
"1936","Mount Carstensz","4900 [134]","Maoke Mountains","Indonezija","Anton Colijn, Jean Jacques Dozy, Frits Wissel [nl]"
"1937","Ojos del Salado","6893","Andes","Argentina","Jan Alfred Szczepanski and Justyn Wojsznis [de]"
"1937","Jomolhari","7326","Himalayas","Butan","Freddie Spencer Chapman, Pasang Dawa Lama"
"1937","Mount Lucania","5240","Saint Elias Mts","Kanada","Bradford Washburn and Robert Hicks Bates"
"1937","Devils Tower","1637","Rocky Mountains","Zdruzene drzave Amerike","Fritz Wiessner, William P. House,  Lawrence P. Coveney"
"1937","Mana","7272","Himalayas","Indija","Frank Smythe"
"1937","Kinnerly Peak","3032","Rocky Mountains","Zdruzene drzave Amerike","Norman Clyde, Ed Hall, Richard K. Hill and Braeme Gigos"
"1938","Mount Marcus Baker","4016","Chugach Mts","Zdruzene drzave Amerike","Norman Bright, Peter Gabriel, Norman Dyhrenfurth, Bradford Washburn"
"1938","Mount Sanford","4949","Wrangell Mts","Zdruzene drzave Amerike","Terris Moore and Bradford Washburn"
"1938","Mount Wilhelm","4509","Bismarck Range","Papuanska Nova Gvineja","Leigh Vial and 2 locals"
"1938","Peak Pobeda","7439","Tian Shan","Kirzigistan","Leonid Gutman, Evgenyi Ivanov, Alexander Sidorenko [6]"
"1938","Pik Talgar","4979","Tian Shan","Kazahstan","L. Kutuchtin, G. Makatrov and I. Kropotov"
"1939","Pico Simón Bolívar","5700","Sra Nevada de Sta Marta","Kolumbija","Erwin Kraus, Guido Pichler, Enrico Praolini"
"1939","Pico Cristóbal Colón","5700","Sra Nevada de Sta Marta","Kolumbija","Enrico Praolini, Walter A. Wood, Anderson Bakerwell"
"1939","Kirat Chuli","7365","Himalayas","Indija","Ernst Grob, Herbert Paidar, and Ludwig Schmaderer"
"1939","Dunagiri","7066","Himalayas","Indija","André Roch, Fritz Steuri [de], David Zogg"
"1939","Sajama","6550","Andes","Bolivija","Josef Prem and Wilfrid Kühm"
"1939","Shiprock","2188","osamelec","Zdruzene drzave Amerike","David Brower, Raffi Bedayn, Bestor Robinson and John Dyer"
"1941","Kunturiri","5648","Andes","Bolivija","Wilfrid Kühm"
"1941","Mount Hayes","4216","Alaska Range","Zdruzene drzave Amerike","Bradford Washburn, Barbara Washburn, Benjamin Ferris, Sterling Hendricks, Henry Hall, William Shand"
"1943","Monte San Lorenzo","3706","Patagonia","Argentina","Alberto María De Agostini"
"1946","Devils Thumb","2767","Coast Mountains","Kanada","Fred Beckey, Clifford Schmidtke, Bob Craig"
"1947","Lost Arrow Spire","2112","Sierra Nevada (U.S.)","Zdruzene drzave Amerike","John Salathé and Ax Nelson"
"1948","Nevado Santa Cruz","6241","Andes","Peru","Frédéric Marmillod and Ali Szepessy-Schaurek"
"1949","Mount Vancouver","4812","Saint Elias Mts","Kanada","William Hainsworth, Alan Bruce-Robertson, Bob McCarter, Noel Odell"
"1950","Annapurna","8091","Himalayas","Nepal","Maurice Herzog and Louis Lachenal (see also the expedition page)"
"1950","Tirich Mir","7708","Hindu Kush","Pakistan","Arne Næss, Per Kvernberg [no], Henry Berg, Tony Streather"
"1950","Yerupajá","6617","Andes","Peru","David Harrah and James Maxwell"
"1951","Mount Hubbard","4557","Saint Elias Mts","Kanada","Nicholas Clifford, Robert Bates, Peter Wood and Walter Wood"
"1952","Fitz Roy","3405","Patagonia","Argentina","Lionel Terray & Guido Magnone [fr]"
"1952","King Peak","5173","Saint Elias Mts","Kanada","Keith Hart and Elton Thayer"
"1952","Mount Augusta","4289","Saint Elias Mts","Kanada","Peter Schoening, Victor Josendal, Bill Niendorf, Richard E. McGowen, Bob Yeasting, Gibson Reynolds, Tom Morris, Verl Rogers"
"1952","Huantsán","6369","Andes","Peru","Lionel Terray, Cees G. Egeler and Tom de Booy"
"1952","Salcantay","6271","Andes","Peru","Fred D. Ayres, David Michael, Graham Matthews, George I. Bell, Claude Kogan, Bernard Pierre"
"1952","Monte San Valentin","4058","Patagonia","Cile","Otto Meiling and members of Club Andino Bariloche"
"1953","Mount Everest","8848","Himalayas","Nepal","Tenzing Norgay and Edmund Hillary (see also the expedition page)"
"1953","Chamar","7187","Himalayas","Nepal","Maurice Bishop and Namgyal Sherpa"
"1953","Nanga Parbat","8126","Himalayas","Pakistan","Hermann Buhl"
"1953","Mount Asgard","2015","Baffin Mountains","Kanada","Jürg Marmet, Hans Röthlisberger, Hans Weber and Fritz Hans Schwarzenbach"
"1953","Ausangate","6372","Andes","Peru","Fritz März, Heinrich Harrer, Heinz Steinmetz, and Jürgen Wellenkamp"
"1953","Nun","7135","Himalayas","Indija","Pierre Vittoz, Claude Kogan"
"1954","Mount Deborah","3761","Alaska Range","Zdruzene drzave Amerike","Fred Beckey, Heinrich Harrer, Henry Meybohm"
"1954","Mount Hunter","4442","Alaska Range","Zdruzene drzave Amerike","Fred Beckey, Heinrich Harrer, Henry Meybohm"
"1954","K2","8611","Karakorum","Pakistan","Achille Compagnoni and Lino Lacedelli (see also the expedition page)"
"1954","Cho Oyu","8201","Himalayas","Nepal","Herbert Tichy, Sepp Jöchler [de] and Pasang Dawa Lama"
"1954","Chomo Lonzo","7804","Himalayas","Kitajska","Lionel Terray and Jean Couzy"
"1955","Makalu","8481","Himalayas","Nepal","Lionel Terray and Jean Couzy"
"1955","Kangchenjunga","8586","Himalayas","Nepal","George Band and Joe Brown"
"1955","Ganesh I","7422","Himalayas","Nepal","Raymond Lambert, Claude Kogan, Eric Gauchat"
"1956","Lhotse","8516","Himalayas","Nepal","Fritz Luchsinger and Ernst Reiss"
"1956","Manaslu","8156","Himalayas","Nepal","Toshio Imanishi and Gyaltsen Norbu [cs]"
"1956","Muztagh Tower","7276","Karakoram","Kitajska","John Hartog, Joe Brown, Tom Patey and Ian McNaught-Davis"
"1956","Gasherbrum II","8034","Karakorum","Pakistan","Fritz Moravec, Sepp Larch [de] and Hans Willenpart [de]"
"1956","Chakrarahu","6108","Andes","Peru","Lionel Terray, Maurice Davaille, Claude Gaudin, Pierre Souriac, Robert Sennelier"
"1956","Muztagh Ata","7546","Kunlun Mountains","Kitajska","E. A. Beletskiy leading a large party (including Liu Lianman)"
"1957","Pirámide","5885","Andes","Peru","Günter Hauser [de], Berhard Huhn and Horst Wiedmann"
"1957","Machhapuchhare","6993","Himalayas","Nepal","Wilfrid Noyce and David Cox"
"1957","Broad Peak","8047","Karakoram","Pakistan","Fritz Wintersteller, Marcus Schmuck, Kurt Diemberger and Hermann Buhl"
"1957","Skil Brum","7410","Karakoram","Pakistan","Marcus Schmuck and Fritz Wintersteller"
"1957","Alpamayo","5947","Andes","Peru","Günter Hauser [de], Berhard Huhn, Frieder Knauss, and Horst Wiedmann"
"1957","Jirishanca","6094","Andes","Peru","Toni Egger [fr] and Siegfried Jungmeir"
"1957","Cerro Paine Grande","2884","Patagonian Andes","Cile","Jean Bich, Leonardo Carrel, Toni Gobbi, Camillo Pellissier and Pierino Pession"
"1958","Rakaposhi","7788","Karakoram","Pakistan","Mike Banks and Tom Patey"
"1958","Gasherbrum I","8080","Karakorum","Pakistan","Pete Schoening and Andy Kauffman [de]"
"1958","Haramosh","7397","Karakoram","Pakistan","Heinrich Roiss [de], Stefan Pauer [de], Franz Mandl"
"1958","Chogolisa II","7654","Karakoram","Pakistan","Masao Fujihira and Kazumasa Hirai"
"1958","Gasherbrum IV","7925","Karakoram","Pakistan","Walter Bonatti and Carlo Mauri"
"1959","Kanjut Sar","7760","Karakoram","Pakistan","Camillo Pellissier"
"1959","Saraghrar","7349","Hindu Kush","Pakistan","Franco Alletto, Paolo Consiglio [it], Giancarlo Castelli and Betto Pinelli"
"1959","Puncak Mandala","4760","Maoke Mountains","Indonezija","Herman Verstappen, Arthur Escher, Max Tissing, Jan de Wijn & Piet ter Laag"
"1960","Dhaulagiri","8167","Himalayas","Nepal","Kurt Diemberger, Ernst Forrer, Albin Schelbert, Peter Diener [de], Nawang Dorje, Nima Dorje"
"1960","Annapurna II","7937","Himalayas","Nepal","Richard H. Grant, Chris Bonington, Ang Nyima [de]"
"1960","Himalchuli","7893","Himalayas","Nepal","Hisashi Tanabe [ja], Masahiro Harada"
"1960","Distaghil Sar","7885","Karakoram","Pakistan","Günther Stärker and Diether Marchart"
"1960","Masherbrum","7821","Karakoram","Pakistan","George Bell and Willi Unsoeld"
"1960","Mount Proboscis","2610","Mackenzie Mts","Kanada","Bill Buckingham, Mason C. Hoadley, Stuart Krebs"
"1960","Noshaq","7492","Hindu Kush","Afganistan","Toshiaki Sakai & Goro Iwatsubo"
"1960","Kuh-e Bandaka","6812","Hindu Kush","Afganistan","Wolfgang von Hansemann, Dietrich Hasse [de], Siegbert Heine, and Johannes Winkler"
"1961","Ama Dablam","6856","Himalayas","Nepal","Mike Gill, Barry Bishop, Mike Ward, Wally Romanes"
"1961","Nuptse","7861","Himalayas","Nepal","Tashi Sherpa and Dennis Davis"
"1961","Castleton Tower","2029","Utah","Zdruzene Drzave Amerike","Layton Kor and Huntley Ingalls"
"1962","Mount Fridtjof Nansen","4070","Transantarctic Mts","Antarktika","Vic R. McGregor, Peter M. Otway, Kevin P. Pain and Wally W. Herbert"
"1962","Saltoro Kangri","7742","Karakoram","Indija","Yasuo Takamura, Atsuo Saito, R.A. Bashir"
"1962","Puncak Jaya","4884","Maoke Mountains","Indonezija","Heinrich Harrer, Philip Temple, Russell Kippax and Albert Huizenga"
"1962","Jannu","7710","Himalayas","Nepal","René Desmaison, Paul Keller [fr], Robert Paragot [fr] and Gyalzen Mitchung"
"1963","Central Tower of Paine","2460","Patagonian Andes","Cile","Don Whillans and Chris Bonington"
"1963","El Altar","5319","Andes","Ekvador","Ferdinando Gaspard, Marino Tremonti, Claudio Zardini"
"1963","Mount Chamberlin","2749","Brooks Range","Zdruzene Drzave Amerike","George G. Barnes, Dennis Burge, Graham Stephenson"
"1963","Khüiten Peak","4374","Altai Mountains","Mongolija","Mongolian mountaineers"
"1964","Lautaro","3623","Patagonia","Cile","Peter Skvarca and Luciano Pera"
"1964","Gyachung Kang","7952","Himalayas","Nepal","Yukihiko Kato, Kiyoto Sakaizawa and Pasang Phutar Sherpa"
"1964","Shishapangma","8013","Himalayas","Kitajska","Xu Jing, Wang Fuzhou, Zhang Jùnyán, Wu Zongyuè, Chén San, Soinam Dorjê, Chéng Tianliàng, Migmar Zhaxi, Dorjê and Yún Deng"
"1964","Mount Huntington","3731","Alaska Range","Zdruzene Drzave Amerike","Jacques Batkin and Sylvain Sarthou"
"1964","The Moose's Tooth","3150","Alaska Range","Zdruzene Drzave Amerike","Walter Welsch, Arnold Hasenkopf, Klaus Bierl, Alfons Reichegger"
"1964","Mount Paget","2935","South Georgia","Antarktika","S. H. Down, T. J. Lynch and J. R. Chester"
"1965","Ball's Pyramid","562","Lord Howe Island","Nova Zelandija","Bryden Allen, John Davis, Jack Pettigrew and David Witham"
"1965","Mount Kennedy","4238","Saint Elias Mts","Kanada","Robert F. Kennedy, James Whittaker, Dee Molenaar, and others"
"1965","Mount Thor","1675","Baffin Mountains","Kanada","Donald Morton and Lyman Spitzer"
"1965","Mount Nirvana","2773","Mackenzie Mts","Kanada","Bill Buckingham and Lew Surdam"
"1965","Pico da Neblina","2994","Guiana Highlands","Brazilija","Brazilian Army Team"
"1966","Old Man of Hoy","137","Orkney Islands","Velika Britanija","Chris Bonington, Rusty Baillie and Tom Patey"
"1966","Mount Vinson","4897","Ellsworth Mts","Antarktika","Barry Corbet, John Evans, Bill Long, Pete Schoening"
"1967","Mount Tyree","4852","Ellsworth Mts","Antarktika","Barry Corbet and John Evans"
"1967","Barbeau Peak","2616","Arctic Cordillera","Kanada","Geoffrey Hattersley-Smith"
"1970","K6/Baltistan Peak","7282","Karakoram","Pakistan","Eduard Koblmüller [de], Gerd Pressl, Gerhard Haberl, Christian von der Hecken"
"1970","Ngadi Chuli","7871","Himalayas","Nepal","Hiroshi Watanabe and Lhakpa Tsering"
"1971","Dhaulagiri II","7751","Himalayas","Nepal","Adolf Huber, Sherpa Jangbu, Adi Weissensteiner, Ronald Fear"
"1971","Malubiting","7458","Karakoram","Pakistan","Horst Schindlbacher, Kurt Pirker, Hilmar Sturm [de], and Hanns Schell [de]"
"1971","Khunyang Chhish","7852","Karakoram","Pakistan","Andrzej Heinrich, Jan Stryczynski, Ryszard Szafirski [pl], Andrzej Zawada"
"1973","Saser Kangri I","7672","Karakoram","Indija","Dawa Norbu, Da Tenzing, Nima Tenzing, Thondup"
"1974","Cerro Torre","3128","Patagonia","Argentina","Daniele Chiappa, Mario Conti, Casimiro Ferrari [it] and Pino Negri"
"1974","Nilkantha","6596","Himalayas","Indija","Sonam Pulzor, Kanhiya Lal, Dilip Singh, Nima Dorje"
"1974","Shivling","6543","Himalayas","Indija","Hukam Singh, Laxman Singh, Ang Tharkey, Pemba Tharkey, Pasang Sherpa"
"1974","Changabang","6864","Himalayas","Indija","Tashi Chewang, Balwant Sandhu, Chris Bonington, Martin Boysen, Dougal Haston, Doug Scott"
"1974","Shispare","7611","Karakoram","Pakistan","Hubert Bleicher [de], Leszek Cichy, Marek Grochowski, Jan Honlicki-Szulc, Andrzje Mlynarczyk [pl], Herbert Oberhofer [de] and Jacek Poreba"
"1974","K12","7428","Karakoram","Indija","Shinichi Takagi, Tsutomu Ito"
"1975","Chogolisa","7665","Karakoram","Pakistan","Fred Pressl and Gustav Ammerer"
"1975","Gasherbrum III","7946","Karakoram","Kitajska","Wanda Rutkiewicz, Alison Chadwick-Onyszkiewicz, Janusz Onyszkiewicz und Krzysztof Zdzitowiecki [pl]"
"1976","Torre Egger","2685","Patagonia","Argentina","John Bragg, Jim Donini and Jay Wilson"
"1976","Batura Sar","7795","Karakoram","Pakistan","Hubert Bleicher [de] and Herbert Oberhofer [de]"
"1976","Nameless Tower","6239","Karakoram","Pakistan","Joe Brown, Mo Anthoine, Martin Boysen, and Malcolm Howells"
"1977","The Ogre","7285","Karakoram","Pakistan","Doug Scott and Chris Bonington"
"1977","Great Trango Tower","6286","Karakoram","Pakistan","Galen Rowell, John Roskelley, Kim Schmitz, Jim Morrissey and Dennis Hennek"
"1978","Langtang Lirung","7227","Himalayas","Nepal","Seishi Wada and Pemba Tsering"
"1979","Gauri Sankar","7134","Himalayas","Nepal","John Roskelley and Pertemba Dorje Sherpa"
"1979","Thalay Sagar","6904","Himalayas","Indija","Roy Kligfield, John Thackray, Pete Thexton"
"1979","Uli Biaho Tower","6109","Karakoram","Pakistan","John Roskelley, Kim Schmitz, Ron Kauk and Bill Forrest"
"1979","Latok","7145","Karakoram","Pakistan","Sin'e Matsumi, Tsuneo Shigehiro [ja], Yu Watanabe"
"1980","Mitre Peak","6010","Karakoram","Pakistan","Ivano Ghirardini"
"1980","Chutine Peak","2910","Coast Mountains","Kanada","Geoffrey Faraghan, Paul Tamm, Chris Wilson, Leslie Wilson"
"1981","The Spectre","2020","Transantarctic Mts","Antarktika","Edmund Stump and Mugs Stump"
"1981","Amne Machin","6282","Kunlun Mountains","Kitajska","Giichiro Watanabe, Yoshio Yamamoto and Katsumi Miyake"
"1981","Kongur Tagh","7649","Kunlun Mountains","Kitajska","Chris Bonington, Al Rouse, Peter Boardman, Joe Tasker"
"1981","Bogda Feng","5445","Tian Shan","Kitajska","11 members of a team led by Ryohei Uchida"
"1982","Changtse","7543","Himalayas","Kitajska","Johan Taks"
"1984","Yukshin Gardan Sar","7530","Karakoram","Pakistan","Willi Bauer [de], Walter Bergmayr, Willi Brandecker, Reinhard Streif"
"1984","Mamostong Kangri","7516","Karakoram","Indija","Noboru Yamada, Kenji Yoshida, Rajiv Sharma, P.M. Das, H.S. Chauhan"
"1985","Mount Hesperus","2996","Alaska Range","Zdruzene Drzave Amerike","Justin Lesueur, Karl Swanson, Stephen Spalding"
"1985","Gurla Mandhata","7694","Himalayas","Kitajska","Cirenuoji, Jiabu, Jin Junxi, Song Zhiyu, Yoshiharu Suita, Kozo Matsubayashi, Toyoji Wada and Kiichiro Suita"
"1986","Kula Kangri","7538","Himalayas","Butan","C. Itani, J. Sakamoto, H. Ozaki, E. Ohtani"
"1986","Gyala Peri","7294","Himalayas","Kitajska","Yasuhiro Hashimoto, Hirotaka  Imamura, Yoshio Ogata"
"1987","Shanzidou","5596","Mount Satseto","Kitajska","Phil Peralta-Ramos and Eric Perlman"
"1987","Polar Sun Spire","1500","Baffin Mountains","Kanada","Peter Gobet and Xaver Bongard"
"1987","Labuche Kang","7367","Himalayas","Kitajska","Ataru Deuchi, Hidekatsu Furukawa, Keiichi Sudo, Osamu Tanabe, Diaqiog, Gyala, Lhaji, Wanjia"
"1988","Mount Minto","4163","Admiralty Mts","Antarktika","Greg Mortimer, Lyle Closs, Glenn Singleman, Chris Hilton, Lincoln Hall, and Jonathan Chester"
"1988","Rimo I","7385","Karakoram","Indija","Nima Dorje Sherpa, Tsewang Smanla, Yoshio Ogata, Hideki Yoshida, SI Kanhaiya Lai and Rattan Singh"
"1988","Chakragil","6760","Kunlun Mountains","Kitajska","Misao Hirano, Minoru Hachisu, Kenji Nakayama"
"1990","Mount Sidley","4285","Marie Byrd Land","Antarktika","Bill Atkinson"
"1990","Xuelian Feng","6627","Tian Shan","Kitajska","Motochiro Fujita, Hideki Sakai, Mikio Suzuki, Etuo Nishikawa, Hiroshi Kojiri, Takuo Kato, Reiji Takahashi, Kazuo Tukushima"
"1991","Mount Kirkpatrick","4528","Alexandra Range","Antarktika","David H. Elliot, Tom H. Fleming & C. A. Miller"
"1992","Menlungtse","7181","Himalayas","Kitajska","Marko Prezelj and Andrej Štremfelj"
"1992","Namcha Barwa","7782","Himalayas","Kitajska","11 team members"
"1993","The Crown","7295","Karakoram","Kitajska","Kazuo Tokushima, Akito Yamasaki and Yasuyuki Aritomi"
"1994","Ulvetanna Peak","2930","Queen Maud Land","Antarktika","Robert Caspersen [de; no], Sjur Nesheim [no] and Ivar Tollefsen [de; no; sv]"
"1994","Passu Sar","7476","Karakoram","Pakistan","Max Wallner, Dirk Naumann, Ralf Lehmann, Volker Wurnig"
"1994","Mount Epperly","4512","Ellsworth Mts","Antarktika","Erhard Loretan"
"1995","Nyegyi Kansang","7047","Himalayas","Indija","Rattan Singh, Rajiv Shanna, Jagmohan Singh, Nadre Sherpa and Lopsang"
"1996","Peak 4111","4111","Ellsworth Mts","Antarktika","Érik Decamp [fr] and Catherine Destivelle"
"1996","Mount Foster","2105","South Shetland","Antarktika","Brice Dowrick, Greg Landreth, Dan Mannix and Roger Thompson"
"1996","Ultar Sar","7388","Karakoram","Pakistan","Akito Yamazaki & Kiyoshi Matsuoka"
"1996","Hkakabo Razi","5881","Himalayas","Burma","Takashi Ozaki and Nyima Gyaltsen"
"1997","Rakekniven","2365","Queen Maud Land","Antarktika","Conrad Anker, Mike Graber, Jon Krakauer, Alex Lowe, Rick Ridgeway, Gordon Wiltsie"
"1999","Gangkhar Puensum N","7535","Himalayas","Butan","Kiyohiko Suzuki and four others"
"2001","Meru C (Shark's Fin)","6310","Himalayas","Indija","Valery Babanov"
"2002","Sepu Kangri","6956","Nyenchen Tanglha","Kitajska","Mark Newcomb and Carlos Buhler"
"2002","Num Ri","6677","Himalayas","Nepal","Olaf Rieck [de; nds], Lydia Schubert und Carsten Schmidt"
"2005","Tomort","4886","Tian Shan","Kitajska","Hiroyuki Katsuki and Koichiro Takahashi"
"2006","Mount Rutford","4477","Ellsworth Mts","Antarktika","Jed Brown, Camilo Rada and Pachi Ibarra"
"2007","Mount Anderson","4144","Ellsworth Mts","Antarktika","Jed Brown and Damien Gildea"
"2009","Changuch","6322","Himalayas","Indija","Martin Moran, Rob Jarvis, Paul Guest, Luder Sain and Leon Winchester"
"2011","Saser Kangri II","7518","Karakoram","Indija","Mark Richey, Steve Swenson and Freddie Wilkinson"
"2013","Kunyang Chhish East","7430","Karakoram","Pakistan","Hansjörg Auer, Matthias Auer and Simon Anthamatten"
"2013","Gamlang Razi","5870","Himalayas","Burma","Eric Daft, Mark Fisher, Chris Nance, Andy Tyson, Molly Loomis Tyson, and Pyae Phyo Aung"
"2014","Gasherbrum V","7147","Karakorum","Pakistan","An Chi Young and Seong Nakjong"
"2018","Lunag Ri","6907","Himalayas","Nepal","David Lama"
