"id","Ime","Priimek","Spol","Starost","Drustvo"
1,"Ferne","Tyas","Female",42,"Douglas"
2,"Doloritas","Higgen","Female",15,"Rath-Prohaska"
3,"Alfredo","Ballay","Male",44,"Kuphal, Kessler and Christiansen"
4,"Forster","Laminman","Male",52,"Kohler, Morar and Lockman"
5,"Wiatt","McHarry","Male",28,"Douglas"
6,"Tammie","McPeeters","Female",52,"Gutkowski, Dickens and Funk"
7,"Christin","Jandourek","Female",87,"Mueller and Sons"
8,"Eduardo","Jakab","Male",43,"Rempel, Dare and King"
9,"Lovell","Abotson","Male",82,"Predovic and Sons"
10,"Juanita","Archbutt","Female",62,"Herman, Rath and Erdman"
11,"Luther","Scottesmoor","Male",60,"Rohan-Trantow"
12,"Aldus","Derks","Male",15,"Rath-Prohaska"
13,"Cordelia","Galsworthy","Female",29,"Kohler, Morar and Lockman"
14,"Stafani","Wheildon","Female",79,"Kohler, Morar and Lockman"
15,"York","Schrinel","Male",33,"Mueller and Sons"
16,"Filippo","Vedntyev","Male",27,"Kohler, Morar and Lockman"
17,"Odo","Nodin","Male",91,"Gutkowski, Dickens and Funk"
18,"Joanie","Beminster","Female",66,"Lakin, Rolfson and Welch"
19,"Iosep","Aviss","Male",26,"Kuphal, Kessler and Christiansen"
20,"Renado","Mc Caghan","Male",31,"Rempel, Dare and King"
21,"Sherill","Innes","Female",93,"Walsh, Doyle and Marvin"
22,"Serge","Broxis","Male",95,"Mueller and Sons"
23,"Ashlee","Dot","Female",35,"Rath-Prohaska"
24,"Archibald","Daughtery","Male",44,"Kohler, Morar and Lockman"
25,"Lilli","Winterton","Female",31,"Hermiston-Kessler"
26,"Sella","Ilymanov","Female",71,"Kuphal, Kessler and Christiansen"
27,"Madalena","Fellnee","Female",68,"Kohler, Morar and Lockman"
28,"Bartel","Sidwick","Male",87,"Rath-Prohaska"
29,"Danielle","Mordie","Female",50,"Kohler, Morar and Lockman"
30,"Joe","Sans","Male",79,"Gutkowski, Dickens and Funk"
31,"Felix","Maceur","Male",68,"Walsh, Doyle and Marvin"
32,"Garald","Gameson","Male",85,"Rempel, Dare and King"
33,"Turner","Gauchier","Male",34,"Mueller and Sons"
34,"Eva","Tillman","Female",74,"Rohan-Trantow"
35,"Evania","Fettes","Female",27,"Hermiston-Kessler"
36,"Delila","Grasner","Female",77,"Predovic and Sons"
37,"Bethanne","Cattenach","Female",70,"Mueller and Sons"
38,"Gale","Pleasants","Female",23,"Rempel, Dare and King"
39,"Lianne","Parrett","Female",29,"Breitenberg-Padberg"
40,"Marieann","Brun","Female",78,"Predovic and Sons"
41,"Ewart","Cawkwell","Male",53,"Rempel, Dare and King"
42,"Dmitri","Brierly","Male",49,"Walsh, Doyle and Marvin"
43,"Trumaine","O'Hanlon","Male",70,"Rath-Prohaska"
44,"Dieter","Geraudel","Male",63,"Kuphal, Kessler and Christiansen"
45,"Gelya","Balnave","Female",40,"Rempel, Dare and King"
46,"Rice","Kuschke","Male",79,"Douglas"
47,"Cleve","Stroder","Male",31,"Nader"
48,"Correna","Vossgen","Female",33,"Nader"
49,"Cazzie","Hedley","Male",46,"Breitenberg-Padberg"
50,"Haleigh","Gyppes","Female",69,"Lakin, Rolfson and Welch"
51,"Thorndike","Duddle","Male",15,"Rohan-Trantow"
52,"Bronny","Bindley","Male",24,"Nader"
53,"Angy","Iliffe","Female",40,"Breitenberg-Padberg"
54,"Clarabelle","Wedderburn","Female",31,"Hermiston-Kessler"
55,"Marnia","Sugar","Female",45,"Walsh, Doyle and Marvin"
56,"Rance","Riddett","Male",32,"Walsh, Doyle and Marvin"
57,"Shelagh","De Bernardis","Female",74,"Rath-Prohaska"
58,"Anitra","Tune","Female",45,"Kohler, Morar and Lockman"
59,"Ina","Pedden","Female",44,"Nader"
60,"Duffie","Bilbey","Male",86,"Gutkowski, Dickens and Funk"
61,"Lalo","Kennett","Male",25,"Douglas"
62,"Pat","Walklot","Female",22,"Douglas"
63,"Tremayne","Wing","Male",29,"Kohler, Morar and Lockman"
64,"Benjamen","Balharrie","Male",46,"Kohler, Morar and Lockman"
65,"Charmion","Presidey","Female",69,"Kuphal, Kessler and Christiansen"
66,"Zachary","Letty","Male",43,"Lakin, Rolfson and Welch"
67,"Alvan","Glyne","Male",15,"Gutkowski, Dickens and Funk"
68,"Yoshiko","Tumber","Female",90,"Hermiston-Kessler"
69,"Archibaldo","Furlonge","Male",29,"Breitenberg-Padberg"
70,"Gal","Recher","Male",15,"Herman, Rath and Erdman"
71,"Brittney","Saunier","Female",64,"Douglas"
72,"Clark","Gillino","Male",65,"Douglas"
73,"Matti","Robet","Female",22,"Rempel, Dare and King"
74,"Remus","Huntly","Male",62,"Rohan-Trantow"
75,"Meaghan","Knuckles","Female",70,"Lakin, Rolfson and Welch"
76,"Cyndy","Kinworthy","Female",15,"Gutkowski, Dickens and Funk"
77,"Willi","Dzeniskevich","Male",71,"Breitenberg-Padberg"
78,"Adlai","Ast","Male",17,"Herman, Rath and Erdman"
79,"Ambrosius","Fidock","Male",80,"Rohan-Trantow"
80,"Karel","Garrit","Male",95,"Hermiston-Kessler"
81,"Fancy","Manuaud","Female",88,"Rempel, Dare and King"
82,"Agatha","MacIlriach","Female",74,"Rath-Prohaska"
83,"Pammie","Kingcote","Female",66,"Gutkowski, Dickens and Funk"
84,"Broddy","Marrows","Male",58,"Rath-Prohaska"
85,"Chrissie","Ainsbury","Female",40,"Hermiston-Kessler"
86,"Boniface","Livezley","Male",68,"Rempel, Dare and King"
87,"Othelia","Lambrechts","Female",18,"Nader"
88,"Claiborne","Longmaid","Male",31,"Rath-Prohaska"
89,"Monica","Julyan","Female",25,"Predovic and Sons"
90,"Giustino","Rathbone","Male",35,"Kuphal, Kessler and Christiansen"
91,"Hernando","Biner","Male",75,"Kohler, Morar and Lockman"
92,"Brinna","Morewood","Female",15,"Predovic and Sons"
93,"Mariel","Domenichini","Female",78,"Predovic and Sons"
94,"Wolfie","Fishburn","Male",89,"Herman, Rath and Erdman"
95,"Gregorio","Gillow","Male",60,"Hermiston-Kessler"
96,"Lizette","Bathersby","Female",56,"Kohler, Morar and Lockman"
97,"Nathanil","Chastagnier","Male",72,"Douglas"
98,"Xenia","Braine","Female",19,"Kohler, Morar and Lockman"
99,"Yettie","Evanson","Female",28,"Kuphal, Kessler and Christiansen"
100,"Jemie","Chidwick","Female",70,"Kuphal, Kessler and Christiansen"
101,"Aleda","Shipston","Female",88,"Rath-Prohaska"
102,"Lorant","Craythorn","Male",45,"Predovic and Sons"
103,"Noah","Jeayes","Male",23,"Kohler, Morar and Lockman"
104,"Danella","Willshear","Female",31,"Gutkowski, Dickens and Funk"
105,"Abbie","Terrett","Male",28,"Rohan-Trantow"
106,"Templeton","Cathesyed","Male",62,"Lakin, Rolfson and Welch"
107,"Elenore","Dickens","Female",61,"Rath-Prohaska"
108,"Cosetta","Jerman","Female",94,"Rath-Prohaska"
109,"Aloin","Bussell","Male",20,"Douglas"
110,"August","Hinckesman","Male",71,"Nader"
111,"Ruprecht","Dyers","Male",71,"Kuphal, Kessler and Christiansen"
112,"Rosemary","Berriball","Female",27,"Gutkowski, Dickens and Funk"
113,"Huberto","Shewsmith","Male",62,"Predovic and Sons"
114,"Florence","Nosworthy","Female",75,"Kuphal, Kessler and Christiansen"
115,"Glennis","Goschalk","Female",25,"Rath-Prohaska"
116,"Brynna","Tabour","Female",48,"Rempel, Dare and King"
117,"Quintin","Worner","Male",60,"Predovic and Sons"
118,"Ashleigh","Bramford","Female",42,"Herman, Rath and Erdman"
119,"Ivan","Bloxsum","Male",24,"Gutkowski, Dickens and Funk"
120,"Torin","Pachmann","Male",45,"Rohan-Trantow"
121,"Alice","Kinner","Female",22,"Rempel, Dare and King"
122,"Sherill","Tregea","Female",17,"Gutkowski, Dickens and Funk"
123,"Augustine","Kulas","Male",17,"Kohler, Morar and Lockman"
124,"Herculie","Wornham","Male",92,"Rohan-Trantow"
125,"Augustine","MacAloren","Male",62,"Kohler, Morar and Lockman"
126,"Correna","Rushsorth","Female",53,"Rempel, Dare and King"
127,"Win","Coulthurst","Male",51,"Hermiston-Kessler"
128,"Westley","McAvin","Male",48,"Rohan-Trantow"
129,"Benedicto","Pengilly","Male",65,"Douglas"
130,"Felicle","Milnes","Female",63,"Kohler, Morar and Lockman"
131,"Kristopher","Doerren","Male",59,"Kuphal, Kessler and Christiansen"
132,"Dottie","Sayburn","Female",80,"Gutkowski, Dickens and Funk"
133,"Nydia","Haycock","Female",45,"Kohler, Morar and Lockman"
134,"Dev","Chesnut","Male",48,"Herman, Rath and Erdman"
135,"Marshall","Cuberley","Male",82,"Walsh, Doyle and Marvin"
136,"Inge","Dobbing","Female",88,"Hermiston-Kessler"
137,"Jacklyn","Franzen","Female",74,"Breitenberg-Padberg"
138,"Amalita","Rangeley","Female",67,"Hermiston-Kessler"
139,"Patin","Coldbreath","Male",46,"Rath-Prohaska"
140,"Erwin","Assad","Male",46,"Lakin, Rolfson and Welch"
141,"Violetta","Strelitz","Female",76,"Kohler, Morar and Lockman"
142,"Ethe","Rollingson","Male",74,"Rempel, Dare and King"
143,"Katharina","Adrain","Female",50,"Kuphal, Kessler and Christiansen"
144,"Thea","Fairnington","Female",66,"Predovic and Sons"
145,"Carmelina","Cunnington","Female",89,"Rohan-Trantow"
146,"Lilli","Corringham","Female",53,"Nader"
147,"Shell","Tizzard","Female",80,"Rath-Prohaska"
148,"Caprice","Laity","Female",22,"Kuphal, Kessler and Christiansen"
149,"Shanon","Smallthwaite","Female",56,"Kuphal, Kessler and Christiansen"
150,"Shell","Jelley","Female",16,"Nader"
151,"Danny","Klezmski","Female",29,"Rohan-Trantow"
152,"Lalo","Le Maitre","Male",65,"Herman, Rath and Erdman"
153,"Sarette","Bresman","Female",52,"Gutkowski, Dickens and Funk"
154,"Nanni","Ricker","Female",33,"Breitenberg-Padberg"
155,"Moe","Picot","Male",89,"Rohan-Trantow"
156,"Pacorro","Garie","Male",53,"Breitenberg-Padberg"
157,"Babb","McKyrrelly","Female",77,"Breitenberg-Padberg"
158,"Anne-corinne","Rozier","Female",70,"Douglas"
159,"Tomaso","Songest","Male",40,"Breitenberg-Padberg"
160,"Sherilyn","Watting","Female",15,"Rohan-Trantow"
161,"Mort","Odlin","Male",15,"Hermiston-Kessler"
162,"Veronica","Spivie","Female",87,"Hermiston-Kessler"
163,"Allyce","Haselden","Female",19,"Kohler, Morar and Lockman"
164,"Tristan","Crosscombe","Male",59,"Douglas"
165,"Hobard","Clixby","Male",63,"Herman, Rath and Erdman"
166,"Jammal","Drakes","Male",20,"Kuphal, Kessler and Christiansen"
167,"Annmarie","Bremmell","Female",21,"Lakin, Rolfson and Welch"
168,"Cleve","Scone","Male",33,"Predovic and Sons"
169,"Hobie","Otto","Male",43,"Rath-Prohaska"
170,"Dex","Shayler","Male",60,"Lakin, Rolfson and Welch"
171,"Zita","Taggart","Female",44,"Douglas"
172,"Jozef","Gierardi","Male",29,"Breitenberg-Padberg"
173,"Rana","Leadbeater","Female",70,"Douglas"
174,"Garrard","Pilling","Male",53,"Rempel, Dare and King"
175,"Skylar","Lade","Male",64,"Herman, Rath and Erdman"
176,"Hewitt","Nezey","Male",94,"Predovic and Sons"
177,"Sargent","Dmych","Male",15,"Herman, Rath and Erdman"
178,"Julianne","Downe","Female",63,"Mueller and Sons"
179,"Cassaundra","Olander","Female",69,"Rohan-Trantow"
180,"Trudie","Snowball","Female",40,"Nader"
181,"Julissa","Wetherald","Female",80,"Mueller and Sons"
182,"Robbin","Burcher","Female",53,"Gutkowski, Dickens and Funk"
183,"Remus","Woloschin","Male",44,"Rath-Prohaska"
184,"Ginger","Turgoose","Male",71,"Herman, Rath and Erdman"
185,"Ivonne","Grumley","Female",51,"Mueller and Sons"
186,"Alvan","Beyne","Male",48,"Nader"
187,"Meaghan","Bentham3","Female",28,"Douglas"
188,"Clementia","Wann","Female",53,"Walsh, Doyle and Marvin"
189,"Kennan","Joskowitz","Male",17,"Rohan-Trantow"
190,"Terencio","Sieghard","Male",21,"Rohan-Trantow"
191,"Bartolemo","Bambery","Male",94,"Hermiston-Kessler"
192,"Gallagher","Linden","Male",48,"Breitenberg-Padberg"
193,"Ricki","Shoutt","Female",17,"Kohler, Morar and Lockman"
194,"Jenna","Giacobazzi","Female",85,"Nader"
195,"Nicola","Manilow","Female",27,"Rath-Prohaska"
196,"Augy","Everit","Male",62,"Douglas"
197,"Garreth","Carberry","Male",71,"Lakin, Rolfson and Welch"
198,"Matthaeus","Duchan","Male",54,"Walsh, Doyle and Marvin"
199,"Madeline","Croizier","Female",15,"Herman, Rath and Erdman"
200,"Tarrah","Andretti","Female",77,"Rohan-Trantow"
